/*===========================================================================================================*/
/*=======================================DATOS PRUEBA CORREGIDOS==========================================================*/
/*===========================================================================================================*/

/*EMPRESA CANALPANAMA*/
INSERT INTO EMPRESACP VALUES('EM01','Empresa CP','+57304427785','cr 68h 21 a 11 s');

/* PAÍS */
INSERT INTO Pais (k_pais,n_pais) VALUES (1,'Panama');
INSERT INTO Pais (k_pais,n_pais) VALUES (2,'China');
INSERT INTO Pais (k_pais,n_pais) VALUES (3,'Japon');
INSERT INTO Pais (k_pais,n_pais) VALUES (4,'Mexico');
INSERT INTO Pais (k_pais,n_pais) VALUES (5,'EEUU');
INSERT INTO Pais (k_pais,n_pais) VALUES (6,'Canada');
INSERT INTO Pais (k_pais,n_pais) VALUES (7,'Chile');
INSERT INTO Pais (k_pais,n_pais) VALUES (8,'Birmania');
INSERT INTO Pais (k_pais,n_pais) VALUES (9,'Australia');
INSERT INTO Pais (k_pais,n_pais) VALUES (10,'Estonia');
INSERT INTO Pais (k_pais,n_pais) VALUES (11,'Burundi');
/* CATEGORIABUQUE */
insert into categoriabuque (k_categoria, n_categoria) values  ('PCT','Portacontenedor');
insert into categoriabuque (k_categoria, n_categoria) values  ('GRA','Granelero Seco');
insert into categoriabuque (k_categoria, n_categoria) values  ('TAN','Tanquero');
insert into categoriabuque (k_categoria, n_categoria) values  ('QUI','Quimiquero');
insert into categoriabuque (k_categoria, n_categoria) values  ('GAS','Gasero');
insert into categoriabuque (k_categoria, n_categoria) values  ('PVH','Portavehiculo');
insert into categoriabuque (k_categoria, n_categoria) values  ('CRU','Crucero');
insert into categoriabuque (k_categoria, n_categoria) values  ('REF','Refrigerado');
insert into categoriabuque (k_categoria, n_categoria) values  ('CGN','Carga General');
insert into categoriabuque (k_categoria, n_categoria) values  ('OTR','Otros');

/*PASO*/
insert into PASO values ('NEO','NEOPANAMAX',99999,966,99999,108,'EM01');
insert into PASO values ('SUP','SUPER',965.99,1,107.99,91,'EM01');
insert into PASO values ('REG','REGULAR',965.99,1,90.99,1,'EM01');

/*CUPOPASO*/
insert into CUPOPASO values (1,'NEO',3,3,'19-11-2018');
insert into CUPOPASO values (2,'SUP',5,5,'19-11-2018');
insert into CUPOPASO values (3,'REG',10,10,'19-11-2018');
insert into CUPOPASO values (4,'NEO',3,3,'20-11-2018');
insert into CUPOPASO values (5,'SUP',5,5,'20-11-2018');
insert into CUPOPASO values (6,'REG',10,10,'20-11-2018');
insert into CUPOPASO values (7,'NEO',3,3,'21-11-2018');
insert into CUPOPASO values (8,'SUP',5,5,'21-11-2018');
insert into CUPOPASO values (9,'REG',10,10,'21-11-2018');
insert into CUPOPASO values (10,'NEO',3,3,'22-11-2018');
insert into CUPOPASO values (11,'SUP',5,5,'22-11-2018');
insert into CUPOPASO values (12,'REG',10,10,'22-11-2018');
insert into CUPOPASO values (13,'NEO',3,3,'23-11-2018');
insert into CUPOPASO values (14,'SUP',5,5,'23-11-2018');
insert into CUPOPASO values (15,'REG',10,10,'23-11-2018');
insert into CUPOPASO values (16,'NEO',3,3,'24-11-2018');
insert into CUPOPASO values (17,'SUP',5,5,'24-11-2018');
insert into CUPOPASO values (18,'REG',10,10,'24-11-2018');
insert into CUPOPASO values (19,'NEO',3,3,'25-11-2018');
insert into CUPOPASO values (20,'SUP',5,5,'25-11-2018');
insert into CUPOPASO values (21,'REG',10,10,'25-11-2018');

/*CARGO*/
INSERT INTO CARGO (K_CARGO, N_CARGO) VALUES (1,'Registro de tripulantes');
INSERT INTO CARGO (K_CARGO, N_CARGO) VALUES (2,'Registro de programacion');
INSERT INTO CARGO (K_CARGO, N_CARGO) VALUES (3,'Revision estado reservas');
/*PUERTO*/
INSERT INTO PUERTO VALUES (1,'MIRAFLOREZ');
INSERT INTO PUERTO VALUES (2,'VALDIVIA');
INSERT INTO PUERTO VALUES (3,'CARTAGENITA');


/*OPERADOR BARCO*/

insert into OperadorBarco (k_crn, n_operador, o_tel, o_direccion, o_email, k_pais) values (3644435584, 'CIAEXPLORER', '+351 698 682 9444', '66051 Badeau Junction', 'lfolliss0@photobucket.com', 5);
insert into OperadorBarco (k_crn, n_operador, o_tel, o_direccion, o_email, k_pais) values (1167313117, 'ALASKAENTERPRISE', '+47 547 627 4446', '85191 Starling Plaza', 'dlegrice1@yelp.com', 3);
insert into OperadorBarco (k_crn, n_operador, o_tel, o_direccion, o_email, k_pais) values (1380710879, 'COSCOSHIPPING', '+386 283 754 6401', '6698 Pawling Circle', 'mchelsom2@chronoengine.com', 2);

/*PERSONA*/
insert into Persona (k_identificacion, k_tipoid, n_nombre1, n_nombre2, n_apellido1, n_apellido2, f_nacimiento, k_pais) values (1380965, 'CE', 'Adore', 'Maudie', 'Ide', 'Hearty', '19-06-2000', 1);
insert into Persona (k_identificacion, k_tipoid, n_nombre1, n_nombre2, n_apellido1, n_apellido2, f_nacimiento, k_pais) values (1534246, 'CC', 'Mariejeanne', 'Leonardo', 'Hallihan', 'Lafond', '08-03-1971', 7);
insert into Persona (k_identificacion, k_tipoid, n_nombre1, n_nombre2, n_apellido1, n_apellido2, f_nacimiento, k_pais) values (1360820, 'CC', 'Jobie', 'Lincoln', 'Claiton', 'Yeulet', '04-03-1998', 3);
insert into Persona (k_identificacion, k_tipoid, n_nombre1, n_nombre2, n_apellido1, n_apellido2, f_nacimiento, k_pais) values (1673192, 'CC', 'Mina', 'Corby', 'Mc Pake', 'Yurevich', '10-01-1995', 10);
insert into Persona (k_identificacion, k_tipoid, n_nombre1, n_nombre2, n_apellido1, n_apellido2, f_nacimiento, k_pais) values (1712377, 'CC', 'Barth', 'Chrysler', 'Penwright', 'Beaton', '04-10-1983', 4);
insert into Persona (k_identificacion, k_tipoid, n_nombre1, n_nombre2, n_apellido1, n_apellido2, f_nacimiento, k_pais) values (1270792, 'CC', 'Rancell', 'Kelvin', 'Lifton', 'Bruno', '29-05-1976', 1);
insert into Persona (k_identificacion, k_tipoid, n_nombre1, n_nombre2, n_apellido1, n_apellido2, f_nacimiento, k_pais) values (1828353, 'CC', 'Neils', 'Georg', 'Jobe', 'Danbi', '04-08-1982',8);
insert into Persona (k_identificacion, k_tipoid, n_nombre1, n_nombre2, n_apellido1, n_apellido2, f_nacimiento, k_pais) values (1774696, 'CC', 'Alexis', 'Smitty', 'Audry', 'Malling', '06-08-1982', 10);
insert into Persona (k_identificacion, k_tipoid, n_nombre1, n_nombre2, n_apellido1, n_apellido2, f_nacimiento, k_pais) values (1224585, 'CC', 'Marielle', 'Jenilee', 'Mc Trusty', 'Wise', '29-07-1961', 7);
insert into Persona (k_identificacion, k_tipoid, n_nombre1, n_nombre2, n_apellido1, n_apellido2, f_nacimiento, k_pais) values (1601429, 'CC', 'Gerick', 'Jaine', 'McCrory', 'Hunnaball', '05-02-1997', 6);
insert into Persona (k_identificacion, k_tipoid, n_nombre1, n_nombre2, n_apellido1, n_apellido2, f_nacimiento, k_pais) values (1828955, 'CE', 'Sheffie', 'Dena', 'Swabey', 'Sinclair', '17-05-1990', 2);
/*PERSONA EMPLEADO (ENCARGADO TABLA PROGRAMACION DIARIA)*/
insert into Persona (k_identificacion, k_tipoid, n_nombre1, n_nombre2, n_apellido1, n_apellido2, f_nacimiento, k_pais) values (1529967, 'CC', 'Josepha', 'Enrique', 'Cumberledge', 'Arckoll', '29-07-1962', 8);
/*PERSONA RESPONSABLE DE OPERADORBARCO*/
insert into Persona (k_identificacion, k_tipoid, n_nombre1, n_nombre2, n_apellido1, n_apellido2, f_nacimiento, k_pais) values (1276165, 'CC', 'Vitoria', 'Zilvia', 'De Bruyne', 'Augustine', '29-10-1973', 5);
insert into Persona (k_identificacion, k_tipoid, n_nombre1, n_nombre2, n_apellido1, n_apellido2, f_nacimiento, k_pais) values (1646511, 'CE', 'Melody', 'Julienne', 'Douthwaite', 'Sphinxe', '10-09-1986', 3);
insert into Persona (k_identificacion, k_tipoid, n_nombre1, n_nombre2, n_apellido1, n_apellido2, f_nacimiento, k_pais) values (1009228, 'CC', 'Scotty', 'Homer', 'Baumert', 'Bigland', '07-10-1991', 2);

/*EMPLEADO*/
INSERT INTO EMPLEADO (K_IDENTIFICACION, K_TIPOID, K_IDEMPRESA, K_CARGO, F_CONTRATACION, O_EMAILEMPLEADO, O_TELEMPLEADO) VALUES (1529967, 'CC', 'EM01', 1, '10-10-2017', 'ScotHoer@bigland.com', '+14591285');

/*RESPONSABLE*/
insert into Responsable (k_identificacion, k_tipoid, o_telefonofijo, o_celular, o_email, k_crn) values (1276165, 'CC', '+86 576 311 2547', '+84 769 190 3696', 'ksygroves6@oaic.gov.au', 3644435584);
insert into Responsable (k_identificacion, k_tipoid, o_telefonofijo, o_celular, o_email, k_crn) values (1646511, 'CE', '+30 244 938 8688', '+385 133 778 9903', 'dsweeney9@artisteer.com', 1167313117);
insert into Responsable (k_identificacion, k_tipoid, o_telefonofijo, o_celular, o_email, k_crn) values (1009228, 'CC', '+54 622 484 4049', '+86 973 916 9701', 'mokieran8@skyrock.com', 1380710879);

/*BUQUE*/
insert into BUQUE (K_BUQUE, N_BUQUE, V_MANGA, V_LOA, V_VELOCIDAD, K_CATEGORIA, V_PESOMUERTO, K_CRN) values (7119, 'KinoOcean', 40.15, 300.50, 21.48, 'GRA', 120.58, 3644435584);
insert into BUQUE (K_BUQUE, N_BUQUE, V_MANGA, V_LOA, V_VELOCIDAD, K_CATEGORIA, V_PESOMUERTO, K_CRN) values (2587, 'PacificRim', 22.97, 195.22, 23.13, 'TAN', 120.58, 3644435584);
insert into BUQUE (K_BUQUE, N_BUQUE, V_MANGA, V_LOA, V_VELOCIDAD, K_CATEGORIA, V_PESOMUERTO, K_CRN) values (3270, 'Desert Beige', 24.95, 233.73, 25.8, 'QUI', 120.58, 3644435584);
insert into BUQUE (K_BUQUE, N_BUQUE, V_MANGA, V_LOA, V_VELOCIDAD, K_CATEGORIA, V_PESOMUERTO, K_CRN) values (4641, 'Sea', 28.59, 180.5, 34.31, 'GAS', 120.58, 1167313117);
insert into BUQUE (K_BUQUE, N_BUQUE, V_MANGA, V_LOA, V_VELOCIDAD, K_CATEGORIA, V_PESOMUERTO, K_CRN) values (9033, 'Water7', 23.93, 117.91, 24.83, 'PCT', 120.58, 1167313117);
insert into BUQUE (K_BUQUE, N_BUQUE, V_MANGA, V_LOA, V_VELOCIDAD, K_CATEGORIA, V_PESOMUERTO, K_CRN) values (4595, 'M3R', 19.43, 162.92, 19.76, 'REF', 120.58, 1167313117);
insert into BUQUE (K_BUQUE, N_BUQUE, V_MANGA, V_LOA, V_VELOCIDAD, K_CATEGORIA, V_PESOMUERTO, K_CRN) values (2574, 'Besylate', 18.13, 187.33, 23.77, 'PVH', 120.58, 1167313117);
insert into BUQUE (K_BUQUE, N_BUQUE, V_MANGA, V_LOA, V_VELOCIDAD, K_CATEGORIA, V_PESOMUERTO, K_CRN) values (4329, 'Hail L', 15.14, 135.8, 18.89, 'REF', 120.58, 1380710879);
insert into BUQUE (K_BUQUE, N_BUQUE, V_MANGA, V_LOA, V_VELOCIDAD, K_CATEGORIA, V_PESOMUERTO, K_CRN) values (4712, 'Nobody', 25.12, 185.42, 29.52, 'CGN', 120.58, 1380710879);
insert into BUQUE (K_BUQUE, N_BUQUE, V_MANGA, V_LOA, V_VELOCIDAD, K_CATEGORIA, V_PESOMUERTO, K_CRN) values (3112, 'Destiny', 28.43, 137.22, 15.81, 'CRU', 120.58, 1380710879);
insert into BUQUE (K_BUQUE, N_BUQUE, V_MANGA, V_LOA, V_VELOCIDAD, K_CATEGORIA, V_PESOMUERTO, K_CRN) values (1, 'Navi', 95, 272, 20, 'QUI', 120.58, 3644435584);
insert into BUQUE (K_BUQUE, N_BUQUE, V_MANGA, V_LOA, V_VELOCIDAD, K_CATEGORIA, V_PESOMUERTO, K_CRN) values (2, 'POE', 112, 967, 17, 'PVH', 120.58, 3644435584);
/*ESCLUSA*/
insert into ESCLUSA VALUES('NEOX','NEOPANAMAX');
insert into ESCLUSA VALUES('PANX','PANAMAX');

/*RESERVA*/
INSERT INTO RESERVA VALUES (1, 7119,'ACE', 1276165, 'CC', 'O', 'N', SYSDATE, '31/12/2018','NEOX');
INSERT INTO RESERVA VALUES (2, 4641, 'ACE', 1646511, 'CE', 'O', 'S', SYSDATE, '31/12/2018','PANX');
INSERT INTO RESERVA VALUES (3, 3112,'ACE', 1009228, 'CC', 'O', 'N', SYSDATE, '31/12/2018','PANX');
INSERT INTO RESERVA VALUES (4, 4712,'ACE', 1009228, 'CC', 'O', 'N', SYSDATE, '31/12/2018','PANX');

/*INSERCIÓN DATOS TARIFA RESERVA*/
INSERT INTO TARIFARESERVA 
VALUES('EM01',NULL,1,99999,1,300.99,'01/01/2018','31/12/2018',2500);
INSERT INTO TARIFARESERVA 
VALUES('EM01',NULL,1,79.99,301,99999,'01/01/2018','31/12/2018',5500);
INSERT INTO TARIFARESERVA 
VALUES('EM01',NULL,80,90.99,301,99999,'01/01/2018','31/12/2018',10500);
INSERT INTO TARIFARESERVA 
VALUES('EM01',NULL,91,107.99,301,600.99,'01/01/2018','31/12/2018',18500);
INSERT INTO TARIFARESERVA 
VALUES('EM01',NULL,91,107.99,601,899,'01/01/2018','31/12/2018',25000);
INSERT INTO TARIFARESERVA 
VALUES('EM01',NULL,91,107.99,900,966.99,'01/01/2018','31/12/2018',35000);
INSERT INTO TARIFARESERVA 
VALUES('EM01',NULL,108,99999,967,99999,'01/01/2018','31/12/2018',35000);


/*PROCEDIMIENTO REGISTRO ORDEN DE PAGO / PAGO DE LA RESERVA*/

INSERT INTO CONCEPTO VALUES('RESV','RESERVA');
INSERT INTO CONCEPTO VALUES('CANC','CANCELACION');
INSERT INTO CONCEPTO VALUES('PEAJ','PEAJE');
INSERT INTO CONCEPTO VALUES('MULT','MULTA');
INSERT INTO CONCEPTO VALUES('OTRO','OTROS');



--pARAMETRIZANDO LA PRIMERA PÁGINA DEL PDF PEAJES, APLICA CARGA GENERAL Y AMBAS ESCLUSAS
--CARGA GENERAL
INSERT INTO TARIFAPEAJE VALUES ('EM01',NULL,1,10000,'TON',0,'1-01-2018','1-12-2019',5.25,'NEOX','CGN',NULL);
INSERT INTO TARIFAPEAJE VALUES ('EM01',NULL,1,10000,'TON',0,'1-01-2018','1-12-2019',5.25,'PANX','CGN',NULL);
INSERT INTO TARIFAPEAJE VALUES ('EM01',NULL,10001,20000,'TON',0,'1-01-2018','1-12-2019',5.14,'PANX','CGN',NULL);
INSERT INTO TARIFAPEAJE VALUES ('EM01',NULL,10001,20000,'TON',0,'1-01-2018','1-12-2019',5.14,'NEOX','CGN',NULL);
INSERT INTO TARIFAPEAJE VALUES ('EM01',NULL,20001,9999999,'TON',0,'1-01-2018','1-12-2019',5.06,'NEOX','CGN',NULL);
INSERT INTO TARIFAPEAJE VALUES ('EM01',NULL,20001,9999999,'TON',0,'1-01-2018','1-12-2019',5.06,'PANX','CGN',NULL);

INSERT INTO TARIFAPEAJE VALUES ('EM01',NULL,1,10000,'TON',1,'1-01-2018','1-12-2019',4.19,'NEOX','CGN',NULL);
INSERT INTO TARIFAPEAJE VALUES ('EM01',NULL,1,10000,'TON',1,'1-01-2018','1-12-2019',4.19,'PANX','CGN',NULL);
INSERT INTO TARIFAPEAJE VALUES ('EM01',NULL,10001,20000,'TON',1,'1-01-2018','1-12-2019',4.12,'PANX','CGN',NULL);
INSERT INTO TARIFAPEAJE VALUES ('EM01',NULL,10001,20000,'TON',1,'1-01-2018','1-12-2019',4.12,'NEOX','CGN',NULL);
INSERT INTO TARIFAPEAJE VALUES ('EM01',NULL,20001,9999999,'TON',1,'1-01-2018','1-12-2019',4.05,'NEOX','CGN',NULL);
INSERT INTO TARIFAPEAJE VALUES ('EM01',NULL,20001,9999999,'TON',1,'1-01-2018','1-12-2019',4.05,'PANX','CGN',NULL);
--CARGA REFRIGERADA
INSERT INTO TARIFAPEAJE VALUES ('EM01',NULL,1,10000,'TON',0,'1-01-2018','1-12-2019',4.42,'NEOX','REF',NULL);
INSERT INTO TARIFAPEAJE VALUES ('EM01',NULL,1,10000,'TON',0,'1-01-2018','1-12-2019',4.42,'PANX','REF',NULL);
INSERT INTO TARIFAPEAJE VALUES ('EM01',NULL,10001,20000,'TON',0,'1-01-2018','1-12-2019',4.33,'PANX','REF',NULL);
INSERT INTO TARIFAPEAJE VALUES ('EM01',NULL,10001,20000,'TON',0,'1-01-2018','1-12-2019',4.33,'NEOX','REF',NULL);
INSERT INTO TARIFAPEAJE VALUES ('EM01',NULL,20001,9999999,'TON',0,'1-01-2018','1-12-2019',4.24,'NEOX','REF',NULL);
INSERT INTO TARIFAPEAJE VALUES ('EM01',NULL,20001,9999999,'TON',0,'1-01-2018','1-12-2019',4.24,'PANX','REF',NULL);

INSERT INTO TARIFAPEAJE VALUES ('EM01',NULL,1,10000,'TON',1,'1-01-2018','1-12-2019',3.53,'NEOX','REF',NULL);
INSERT INTO TARIFAPEAJE VALUES ('EM01',NULL,1,10000,'TON',1,'1-01-2018','1-12-2019',3.53,'PANX','REF',NULL);
INSERT INTO TARIFAPEAJE VALUES ('EM01',NULL,10001,20000,'TON',1,'1-01-2018','1-12-2019',3.46,'PANX','REF',NULL);
INSERT INTO TARIFAPEAJE VALUES ('EM01',NULL,10001,20000,'TON',1,'1-01-2018','1-12-2019',3.46,'NEOX','REF',NULL);
INSERT INTO TARIFAPEAJE VALUES ('EM01',NULL,20001,9999999,'TON',1,'1-01-2018','1-12-2019',3.40,'NEOX','REF',NULL);
INSERT INTO TARIFAPEAJE VALUES ('EM01',NULL,20001,9999999,'TON',1,'1-01-2018','1-12-2019',3.40,'PANX','REF',NULL);

--2da pag 
--GRANELESE SECOS GRANOS
INSERT INTO TARIFAPEAJE VALUES ('EM01',NULL,1,5000,'DWT',0,'1-01-2018','1-12-2019',4.09,'PANX','GRA','GRANO');
INSERT INTO TARIFAPEAJE VALUES ('EM01',NULL,5001,10000,'DWT',0,'1-01-2018','1-12-2019',3.23,'PANX','GRA','GRANO');
INSERT INTO TARIFAPEAJE VALUES ('EM01',NULL,10001,20000,'DWT',0,'1-01-2018','1-12-2019',2.57,'PANX','GRA','GRANO');
INSERT INTO TARIFAPEAJE VALUES ('EM01',NULL,20001,40000,'DWT',0,'1-01-2018','1-12-2019',2.38,'PANX','GRA','GRANO');
INSERT INTO TARIFAPEAJE VALUES ('EM01',NULL,40001,60000,'DWT',0,'1-01-2018','1-12-2019',2.09,'PANX','GRA','GRANO');
INSERT INTO TARIFAPEAJE VALUES ('EM01',NULL,60001,85000,'DWT',0,'1-01-2018','1-12-2019',1.71,'PANX','GRA','GRANO');
INSERT INTO TARIFAPEAJE VALUES ('EM01',NULL,85001,120000,'DWT',0,'1-01-2018','1-12-2019',1.28,'PANX','GRA','GRANO');
INSERT INTO TARIFAPEAJE VALUES ('EM01',NULL,120001,9999999,'DWT',0,'1-01-2018','1-12-2019',0.86,'PANX','GRA','GRANO');
--CARBÓN GRANEL SECO
INSERT INTO TARIFAPEAJE VALUES ('EM01',NULL,1,5000,'DWT',0,'1-01-2018','1-12-2019',3.42,'PANX','GRA','CARBO');
INSERT INTO TARIFAPEAJE VALUES ('EM01',NULL,5001,10000,'DWT',0,'1-01-2018','1-12-2019',2.74,'PANX','GRA','CARBO');
INSERT INTO TARIFAPEAJE VALUES ('EM01',NULL,10001,20000,'DWT',0,'1-01-2018','1-12-2019',2.45,'PANX','GRA','CARBO');
INSERT INTO TARIFAPEAJE VALUES ('EM01',NULL,20001,40000,'DWT',0,'1-01-2018','1-12-2019',2.15,'PANX','GRA','CARBO');
INSERT INTO TARIFAPEAJE VALUES ('EM01',NULL,40001,60000,'DWT',0,'1-01-2018','1-12-2019',2.05,'PANX','GRA','CARBO');
INSERT INTO TARIFAPEAJE VALUES ('EM01',NULL,60001,85000,'DWT',0,'1-01-2018','1-12-2019',1.96,'PANX','GRA','CARBO');
INSERT INTO TARIFAPEAJE VALUES ('EM01',NULL,85001,120000,'DWT',0,'1-01-2018','1-12-2019',1.47,'PANX','GRA','CARBO');
INSERT INTO TARIFAPEAJE VALUES ('EM01',NULL,120001,9999999,'DWT',0,'1-01-2018','1-12-2019',0.78,'PANX','GRA','CARBO');
--MINERAL DE HIERRO GRANEL SECO
INSERT INTO TARIFAPEAJE VALUES ('EM01',NULL,1,5000,'DWT',0,'1-01-2018','1-12-2019',3.42,'PANX','GRA','HIERR');
INSERT INTO TARIFAPEAJE VALUES ('EM01',NULL,5001,10000,'DWT',0,'1-01-2018','1-12-2019',2.74,'PANX','GRA','HIERR');
INSERT INTO TARIFAPEAJE VALUES ('EM01',NULL,10001,20000,'DWT',0,'1-01-2018','1-12-2019',2.45,'PANX','GRA','HIERR');
INSERT INTO TARIFAPEAJE VALUES ('EM01',NULL,20001,40000,'DWT',0,'1-01-2018','1-12-2019',2.15,'PANX','GRA','HIERR');
INSERT INTO TARIFAPEAJE VALUES ('EM01',NULL,40001,60000,'DWT',0,'1-01-2018','1-12-2019',2.05,'PANX','GRA','HIERR');
INSERT INTO TARIFAPEAJE VALUES ('EM01',NULL,60001,85000,'DWT',0,'1-01-2018','1-12-2019',1.96,'PANX','GRA','HIERR');
INSERT INTO TARIFAPEAJE VALUES ('EM01',NULL,85001,120000,'DWT',0,'1-01-2018','1-12-2019',1.47,'PANX','GRA','HIERR');
INSERT INTO TARIFAPEAJE VALUES ('EM01',NULL,120001,9999999,'DWT',0,'1-01-2018','1-12-2019',0.78,'PANX','GRA','HIERR');

--TANQUEROS #PANAMAX
INSERT INTO TARIFAPEAJE VALUES ('EM01',NULL,1,10000,'TON',0,'1-01-2018','1-12-2019',5.00,'PANX','TAN', NULL);
INSERT INTO TARIFAPEAJE VALUES ('EM01',NULL,10001,20000,'TON',0,'1-01-2018','1-12-2019',4.90,'PANX','TAN', NULL);
INSERT INTO TARIFAPEAJE VALUES ('EM01',NULL,20001,35000,'TON',0,'1-01-2018','1-12-2019',4.85,'PANX','TAN', NULL);
INSERT INTO TARIFAPEAJE VALUES ('EM01',NULL,35001,45000,'TON',0,'1-01-2018','1-12-2019',4.75,'PANX','TAN', NULL);
INSERT INTO TARIFAPEAJE VALUES ('EM01',NULL,45001,9999999,'TON',0,'1-01-2018','1-12-2019',4.55,'PANX','TAN', NULL);
--TANQUEROS #NEOPANAMAX
INSERT INTO TARIFAPEAJE VALUES ('EM01',NULL,1,10000,'TON',0,'1-01-2018','1-12-2019',5.17,'NEOX','TAN', NULL);
INSERT INTO TARIFAPEAJE VALUES ('EM01',NULL,10001,20000,'TON',0,'1-01-2018','1-12-2019',5.00,'NEOX','TAN', NULL);
INSERT INTO TARIFAPEAJE VALUES ('EM01',NULL,20001,35000,'TON',0,'1-01-2018','1-12-2019',5.10,'NEOX','TAN', NULL);
INSERT INTO TARIFAPEAJE VALUES ('EM01',NULL,35001,45000,'TON',0,'1-01-2018','1-12-2019',4.00,'NEOX','TAN', NULL);
INSERT INTO TARIFAPEAJE VALUES ('EM01',NULL,45001,9999999,'TON',0,'1-01-2018','1-12-2019',3.25,'NEOX','TAN', NULL);

INSERT INTO TARIFAPEAJE VALUES ('EM01',NULL,1,20000,'TM',0,'1-01-2018','1-12-2019',0.30,'NEOX','TAN', NULL);
INSERT INTO TARIFAPEAJE VALUES ('EM01',NULL,20001,40000,'TM',0,'1-01-2018','1-12-2019',0.20,'NEOX','TAN', NULL);
INSERT INTO TARIFAPEAJE VALUES ('EM01',NULL,40001,60000,'TM',0,'1-01-2018','1-12-2019',0.35,'NEOX','TAN', NULL);
INSERT INTO TARIFAPEAJE VALUES ('EM01',NULL,60001,80000,'TM',0,'1-01-2018','1-12-2019',0.18,'NEOX','TAN', NULL);
INSERT INTO TARIFAPEAJE VALUES ('EM01',NULL,80001,9999999,'TM',0,'1-01-2018','1-12-2019',0.10,'NEOX','TAN', NULL);

--QUIMIQUERO PANAMAX & NEOPANAMAX
INSERT INTO TARIFAPEAJE VALUES ('EM01',NULL,1,10000,'TON',0,'1-01-2018','1-12-2019',5.31,'NEOX','QUI', NULL);
INSERT INTO TARIFAPEAJE VALUES ('EM01',NULL,10001,20000,'TON',0,'1-01-2018','1-12-2019',5.23,'NEOX','QUI', NULL);
INSERT INTO TARIFAPEAJE VALUES ('EM01',NULL,20001,9999999,'TON',0,'1-01-2018','1-12-2019',5.13,'NEOX','QUI', NULL);
INSERT INTO TARIFAPEAJE VALUES ('EM01',NULL,1,10000,'TON',0,'1-01-2018','1-12-2019',5.31,'PANX','QUI', NULL);
INSERT INTO TARIFAPEAJE VALUES ('EM01',NULL,10001,20000,'TON',0,'1-01-2018','1-12-2019',5.23,'PANX','QUI', NULL);
INSERT INTO TARIFAPEAJE VALUES ('EM01',NULL,20001,9999999,'TON',0,'1-01-2018','1-12-2019',5.13,'PANX','QUI', NULL);

INSERT INTO TARIFAPEAJE VALUES ('EM01',NULL,1,10000,'TON',1,'1-01-2018','1-12-2019',4.52,'NEOX','QUI', NULL);
INSERT INTO TARIFAPEAJE VALUES ('EM01',NULL,10001,20000,'TON',1,'1-01-2018','1-12-2019',4.44,'NEOX','QUI', NULL);
INSERT INTO TARIFAPEAJE VALUES ('EM01',NULL,20001,9999999,'TON',1,'1-01-2018','1-12-2019',4.36,'NEOX','QUI', NULL);
INSERT INTO TARIFAPEAJE VALUES ('EM01',NULL,1,10000,'TON',1,'1-01-2018','1-12-2019',4.52,'PANX','QUI', NULL);
INSERT INTO TARIFAPEAJE VALUES ('EM01',NULL,10001,20000,'TON',1,'1-01-2018','1-12-2019',4.44,'PANX','QUI', NULL);
INSERT INTO TARIFAPEAJE VALUES ('EM01',NULL,20001,9999999,'TON',1,'1-01-2018','1-12-2019',4.36,'PANX','QUI', NULL);

--GASEROS LPG PANAMX
INSERT INTO TARIFAPEAJE VALUES ('EM01',NULL,1,5000,'MTC',0,'1-01-2018','1-12-2019',6.49,'PANX','TAN', 'LPG');
INSERT INTO TARIFAPEAJE VALUES ('EM01',NULL,5001,25000,'MTC',0,'1-01-2018','1-12-2019',2.70,'PANX','TAN', 'LPG');
INSERT INTO TARIFAPEAJE VALUES ('EM01',NULL,25001,55000,'MTC',0,'1-01-2018','1-12-2019',2.60,'PANX','TAN', 'LPG');
INSERT INTO TARIFAPEAJE VALUES ('EM01',NULL,55001,9999999,'MTC',0,'1-01-2018','1-12-2019',2.25,'PANX','TAN', 'LPG');

INSERT INTO TARIFAPEAJE VALUES ('EM01',NULL,1,5000,'MTC',1,'1-01-2018','1-12-2019',5.19,'PANX','TAN', 'LPG');
INSERT INTO TARIFAPEAJE VALUES ('EM01',NULL,5001,25000,'MTC',1,'1-01-2018','1-12-2019',2.16,'PANX','TAN', 'LPG');
INSERT INTO TARIFAPEAJE VALUES ('EM01',NULL,25001,55000,'MTC',1,'1-01-2018','1-12-2019',2.08,'PANX','TAN', 'LPG');
INSERT INTO TARIFAPEAJE VALUES ('EM01',NULL,55001,9999999,'MTC',1,'1-01-2018','1-12-2019',1.80,'PANX','TAN', 'LPG');

--ESCLUSA PANAMAX

INSERT INTO TARIFAPEAJE VALUES ('EM01',NULL,1,9999999,'TEU',0,'1-01-2018','1-12-2019',30,'PANX','PCT', 'CTRAN');
INSERT INTO TARIFAPEAJE VALUES ('EM01',NULL,1,9999999,'TEU',0,'1-01-2018','1-12-2019',60,'PANX','PCT', 'CPERM');

--NEOPANAMX
INSERT INTO TARIFAPEAJE VALUES ('EM01',NULL,1,5999,'TEU',0,'1-01-2018','1-12-2019',60,'NEOX','PCT', 'CPERM');
INSERT INTO TARIFAPEAJE VALUES ('EM01',NULL,1,5999,'TEU',0,'1-01-2018','1-12-2019',40,'NEOX','PCT', 'CTRAN');

INSERT INTO TARIFAPEAJE VALUES ('EM01',NULL,6000,8999,'TEU',0,'1-01-2018','1-12-2019',50,'NEOX','PCT', 'CPERM');
INSERT INTO TARIFAPEAJE VALUES ('EM01',NULL,6000,8999,'TEU',0,'1-01-2018','1-12-2019',40,'NEOX','PCT', 'CTRAN');

INSERT INTO TARIFAPEAJE VALUES ('EM01',NULL,9000,9999999,'TEU',0,'1-01-2018','1-12-2019',50,'NEOX','PCT', 'CPERM');
INSERT INTO TARIFAPEAJE VALUES ('EM01',NULL,9000,9999999,'TEU',0,'1-01-2018','1-12-2019',40,'NEOX','PCT', 'CTRAN');

--TARIFAS GRANELEROS SECOS CON PESO MUERTO, EN LASTRE (NO LLEVAN CARGA ) CUALQUIER ESCLUSA

INSERT INTO TARIFAPEAJE VALUES ('EM01',NULL,1,5000,'DWT',1,'1-01-2018','1-12-2019',2.75,'PANX','GRA',NULL);
INSERT INTO TARIFAPEAJE VALUES ('EM01',NULL,5001,10000,'DWT',1,'1-01-2018','1-12-2019',2.40,'PANX','GRA',NULL);
INSERT INTO TARIFAPEAJE VALUES ('EM01',NULL,10001,20000,'DWT',1,'1-01-2018','1-12-2019',2.00,'PANX','GRA',NULL);
INSERT INTO TARIFAPEAJE VALUES ('EM01',NULL,20001,40000,'DWT',1,'1-01-2018','1-12-2019',1.80,'PANX','GRA',NULL);
INSERT INTO TARIFAPEAJE VALUES ('EM01',NULL,40001,60000,'DWT',1,'1-01-2018','1-12-2019',1.75,'PANX','GRA',NULL);
INSERT INTO TARIFAPEAJE VALUES ('EM01',NULL,60001,85000,'DWT',1,'1-01-2018','1-12-2019',1.25,'PANX','GRA',NULL);
INSERT INTO TARIFAPEAJE VALUES ('EM01',NULL,85001,120000,'DWT',1,'1-01-2018','1-12-2019',0.45,'PANX','GRA',NULL);
INSERT INTO TARIFAPEAJE VALUES ('EM01',NULL,120001,9999999,'DWT',1,'1-01-2018','1-12-2019',0.25,'PANX','GRA',NULL);

INSERT INTO TARIFAPEAJE VALUES ('EM01',NULL,1,5000,'DWT',1,'1-01-2018','1-12-2019',2.75,'NEOX','GRA',NULL);
INSERT INTO TARIFAPEAJE VALUES ('EM01',NULL,5001,10000,'DWT',1,'1-01-2018','1-12-2019',2.40,'NEOX','GRA',NULL);
INSERT INTO TARIFAPEAJE VALUES ('EM01',NULL,10001,20000,'DWT',1,'1-01-2018','1-12-2019',2.00,'NEOX','GRA',NULL);
INSERT INTO TARIFAPEAJE VALUES ('EM01',NULL,20001,40000,'DWT',1,'1-01-2018','1-12-2019',1.80,'NEOX','GRA',NULL);
INSERT INTO TARIFAPEAJE VALUES ('EM01',NULL,40001,60000,'DWT',1,'1-01-2018','1-12-2019',1.75,'NEOX','GRA',NULL);
INSERT INTO TARIFAPEAJE VALUES ('EM01',NULL,60001,85000,'DWT',1,'1-01-2018','1-12-2019',1.25,'NEOX','GRA',NULL);
INSERT INTO TARIFAPEAJE VALUES ('EM01',NULL,85001,120000,'DWT',1,'1-01-2018','1-12-2019',0.45,'NEOX','GRA',NULL);
INSERT INTO TARIFAPEAJE VALUES ('EM01',NULL,120001,9999999,'DWT',1,'1-01-2018','1-12-2019',0.25,'NEOX','GRA',NULL);

--PORTACONTENEDORES WIKIPEDIA: 1 TEU ES UN PORTACONTENEDOR. El peso máximo del contenedor es 26 toneladas.
--Toca dividir toneladas totales de carga del portacontenedor y dividirlo en 26

/*===========================================================================================================*/
/*=======================================FIN INSERCIONES========================================================*/
/*===========================================================================================================*/



/*===========================================================================================================*/
/*=======================================IMPORTANTE!!!!!!!==========================================================*/
/*===========================================================================================================*/

COMMIT;

/*===========================================================================================================*/
/*=======================================CONSULTAS(POR CORREGIR)==========================================================*/
/*===========================================================================================================*/

/*CONSULTA RESERVAS-CUPOS*/
SELECT COUNT(K_ESCLUSA) AS OCUPADOS, K_ESCLUSA
FROM RESERVA
WHERE F_TRANSITO = '30/09/2018'
GROUP BY K_ESCLUSA;

SELECT K_PERIODO 
FROM PERIODO
WHERE (((TO_DATE('31/12/2018') - TO_DATE(SYSDATE))+1)) >= Q_DIASMINPERIODO AND (((TO_DATE('31/12/2018') - TO_DATE(SYSDATE))+1)) <= Q_DIASMAXPERIODO;



SELECT COUNT(K_RESERVA) AS RESERVADOS, K_PERIODO, K_ESCLUSA
FROM RESERVA, PERIODO
WHERE (((TO_DATE(F_TRANSITO) - TO_DATE(F_RESERVA))+1)) >= Q_DIASMINPERIODO AND (((TO_DATE(F_TRANSITO) - TO_DATE(F_RESERVA))+1)) <= Q_DIASMAXPERIODO
GROUP BY K_PERIODO, K_ESCLUSA
ORDER BY RESERVA.K_ESCLUSA;

/*PRIMER VALOR*/
SELECT PER 
FROM (SELECT COUNT(K_RESERVA) AS RESERVADOS, K_PERIODO AS PER, K_ESCLUSA
FROM RESERVA, PERIODO
WHERE (((TO_DATE(F_TRANSITO) - TO_DATE(F_RESERVA))+1)) >= Q_DIASMINPERIODO AND (((TO_DATE(F_TRANSITO) - TO_DATE(F_RESERVA))+1)) <= Q_DIASMAXPERIODO
GROUP BY K_PERIODO, K_ESCLUSA
ORDER BY RESERVA.K_ESCLUSA) CONSULTA
WHERE ROWNUM =1;

SELECT C.Q_CUPOS AS TOTAL, P.K_PERIODO,  E.K_ESCLUSA
FROM CUPOESCLUSA C, ESCLUSA E, PERIODO P
WHERE E.K_ESCLUSA = C.K_ESCLUSA
AND C.K_PERIODO = P.K_PERIODO
AND C.K_PERIODO = 'P3'
ORDER BY E.K_ESCLUSA;

SELECT ABS(TOTAL - RESERVADOS) AS DISPONIBLES, CONS1.K_PERIODO, CONS1.K_ESCLUSA
FROM  (SELECT COUNT(K_RESERVA) AS RESERVADOS, K_PERIODO, K_ESCLUSA
FROM RESERVA, PERIODO
WHERE (((TO_DATE(F_TRANSITO) - TO_DATE(F_RESERVA))+1)) >= Q_DIASMINPERIODO AND (((TO_DATE(F_TRANSITO) - TO_DATE(F_RESERVA))+1)) <= Q_DIASMAXPERIODO
GROUP BY K_PERIODO, K_ESCLUSA
ORDER BY RESERVA.K_ESCLUSA) CONS1, (SELECT C.Q_CUPOS AS TOTAL, P.K_PERIODO,  E.K_ESCLUSA
FROM CUPOESCLUSA C, ESCLUSA E, PERIODO P
WHERE E.K_ESCLUSA = C.K_ESCLUSA
AND C.K_PERIODO = P.K_PERIODO
AND C.K_PERIODO = 'P3'
ORDER BY E.K_ESCLUSA) CONS2
WHERE CONS1.K_ESCLUSA=CONS2.K_ESCLUSA;



SELECT C.Q_CUPOS AS TOTAL, P.K_PERIODO,  E.K_ESCLUSA
FROM CUPOESCLUSA C, ESCLUSA E, PERIODO P
WHERE E.K_ESCLUSA = C.K_ESCLUSA
AND C.K_PERIODO = P.K_PERIODO
ORDER BY E.K_ESCLUSA;



/*REVISAR --------!!!!*/
/*PROGRAMACION DIARIA*/
INSERT INTO PROGRAMACIONDIARIA VALUES (1,'REG',1,2,TO_TIMESTAMP('02-04-2017 06:14:00 AM'),CURRENT_TIMESTAMP,7119,1009228,'CC');




SELECT ABS(TOTAL - RESERVADOS) AS DISPONIBLES, CONS1.K_PERIODO, CONS1.K_ESCLUSA
FROM  (SELECT COUNT(K_RESERVA) AS RESERVADOS, K_PERIODO, K_ESCLUSA
FROM RESERVA, PERIODO
WHERE (((TO_DATE(F_TRANSITO) - TO_DATE(F_RESERVA))+1)) >= Q_DIASMINPERIODO AND (((TO_DATE(F_TRANSITO) - TO_DATE(F_RESERVA))+1)) <= Q_DIASMAXPERIODO
GROUP BY K_PERIODO, K_ESCLUSA
ORDER BY RESERVA.K_ESCLUSA) CONS1, (SELECT C.Q_CUPOS AS TOTAL, P.K_PERIODO,  E.K_ESCLUSA
FROM CUPOESCLUSA C, ESCLUSA E, PERIODO P
WHERE E.K_ESCLUSA = C.K_ESCLUSA
AND C.K_PERIODO = P.K_PERIODO
AND C.K_PERIODO = (SELECT PER 
FROM (SELECT COUNT(K_RESERVA) AS RESERVADOS, K_PERIODO AS PER, K_ESCLUSA
FROM RESERVA, PERIODO
WHERE (((TO_DATE(F_TRANSITO) - TO_DATE(F_RESERVA))+1)) >= Q_DIASMINPERIODO AND (((TO_DATE(F_TRANSITO) - TO_DATE(F_RESERVA))+1)) <= Q_DIASMAXPERIODO
GROUP BY K_PERIODO, K_ESCLUSA
ORDER BY RESERVA.K_ESCLUSA) CONSULTA
WHERE ROWNUM =1)
ORDER BY E.K_ESCLUSA) CONS2
WHERE CONS1.K_ESCLUSA=CONS2.K_ESCLUSA;




SELECT COUNT(K_RESERVA) AS RESERVADOS, K_ESCLUSA
FROM RESERVA
RIGHT OUTER JOIN dual ON (F_TRANSITO='30/09/2018')
GROUP BY K_ESCLUSA
ORDER BY RESERVA.K_ESCLUSA;